Brand,Products Name,Volume/Weight,Price in RM,Satchets/Units
BOH,BOH EARL GREY TEA 20SX2G,0.002,10.2,20
BOH,BOH S/S LYCHEE WITH ROSE 20'SX2GM,0.002,10.7,20
BOH,BOH S/S PASSION FRUIT 20'SX2GM,0.002,10.7,20
BOH,BOH S/S EARL GREY W TANGERINE 20X2G,0.002,10.7,20
BOH,BOH SERI SONGKET LIME&GINGER 20X2GM,0.002,10.7,20
LIPTON,LIPTON YELLOW LABEL TEABAG 100SX2G,0.002,19.35,100
BOH,BOH ICE TEA PEACH 20'SX14.5GM,0.0145,15.75,20
BOH,BOH ICE TEA LEMON LIME 20'SX14.5GM,0.0145,15.75,20
NESCAFE,NESCAFE GOLD 2IN1 CAF WHITE 12X16G,0.016,16.5,12
AH HUAT,AH HUAT KOPI O NO SUGAR BAG 20X10G,0.01,11.9,20
BOH,BOH T.TARIK KURANG MANIS ORI 12'SX24GM,0.024,18.2,1
ALI MUTHU AH HOCK,ALI MUTHU AH HOCK WHITE COFFEE TAKMAU GULA 15X25G,0.025,18.1,15
BOH,BOH T.TARIK KURANG MANIS HALI12X26,0.026,18.2,1
BOH,BOH GREEN TEA LATTE 12'S*27GM,0.027,18.2,1
BOH,BOH CHAM 12'SX27GM,0.027,18.2,12
MILO,MILO ACTIV-GO LESS SUGAR 10X27G,0.027,14.15,10
AH HUAT,AH HUAT WHITE COFFEE CLASSIC 15X28G,0.028,14.35,15
HORLICKS,HORLICKS 3IN1 ORI 10SX28G,0.028,14.2,10
AH HUAT,AH HUAT WHITE COFFEE LOW FAT N/SUGAR 15X20G,0.02,17.75,15
BOH,BOH CMRN GOLD BLND 60X20,0.02,14.4,60
NESCAFE,NESCAFE GOLD DARK LATTE 12*31G,0.031,16.05,12
NESCAFE,NESCAFE GOLD CREAMY LATTE 12*31G,0.031,16.05,12
ORIENTAL,ORIENTAL WHITE COFFEE NO SUGAR 10SX32G,0.032,21.9,10
HOMESOY,HOMESOY INSTANT BREAKFAST SOYA ORIGINAL 10X32G,0.032,11.35,10
HOMESOY,HOMESOY INSTANT BREAKFAST SOYA MULTIGRAIN 10X32G,0.032,11.35,10
ALI MUTHU AH HOCK,ALI MUTHU AH HOCK WHITE COFFEE KURANG MANIS 15X35G,0.035,18.1,15
CHEKHUP,CHEKHUP 3IN1 IWC LESS SWEET 12'S*35GM,0.035,19.95,12
MILO,MILO ACTIV-GO WHOLE CEREAL 10X36G,0.036,14.95,10
CHEKHUP,CHEKHUP 3IN1 WC CLASSIC 12SX37G,0.037,21.2,12
AH HUAT,AH HUAT WHITE COFFEE GOLD MEDAL 15X38G,0.038,18.75,15
AH HUAT,AH HUAT WHITE COFFEE H/NUT & CANE SUGAR 15X38G,0.038,18.75,15
ORIENTAL,ORIENTAL WHITE COFFEE CLASSIC 10SX38G,0.038,18.9,10
ORIENTAL,ORIENTAL WHITE COFFEE HIMALAYAN SALT 10X38G,0.038,21.9,10
ALICAFE,ALICAFE T/A GINSENG 5IN1 ORIGINAL 30G,0.03,19.7,1
CHEKHUP,CHEKHUP 2IN1 IWC COFFEE&CREAMER 12'S*30GM,0.03,19.95,12
AH HUAT,AH HUAT WHITE COFFEE EXTRA RICH 15X40G,0.04,17.75,15
AHMAD TEA,AHMAD TEA GREEN TEA PURE 20X40G,0.04,11.7,20
AHMAD TEA,AHMAD TEA JASMINE ROMANCE 20X40G,0.04,12.05,20
AHMAD TEA,AHMAD TEA EARL GREY 20X40G,0.04,12.5,20
AHMAD TEA,AHMAD TEA MANGO 20X40G,0.04,12.95,20
AHMAD TEA,AHMAD TEA STRAWBERRY 20X40G,0.04,12.95,20
AHMAD TEA,AHMAD TEA APPLE 20X40G,0.04,12.95,20
AHMAD TEA,AHMAD TEA PEACH&PASSION 20X40G,0.04,12.95,20
AHMAD TEA,AHMAD TEA LEMON&LIME 20X40G,0.04,12.95,20
AHMAD TEA,AHMAD TEA B/CURRANT 20X40G,0.04,12.95,20
ORIENTAL,ORIENTAL ROASTED WHITE COFFEE 10SX40G,0.04,21.9,10
ORIENTAL,ORIENTAL TEH TARIK 10X40G,0.04,18.9,10
ORIENTAL,ORIENTAL MOCHA 10X40G,0.04,23.9,10
CHEKHUP,CHEKHUP 3IN1 IWC ORIGINAL 12'S*40GM,0.04,19.95,12
CHEKHUP,CHEKHUP 3IN1 IWC KING 12S*40GM,0.04,19.95,12
STARBUCKS,STARBUCKS CAFFE LATTE CAPS 121G,0.121,33.0,1
ILLY,ILLY CLASSIC ROAST GROUND 125G,0.125,33.15,1
ILLY,ILLY BOLD ROAST GROUND 125G,0.125,33.15,1
MONTEA,MONTEA DAILY TIEGUANYIN (TIN) 125G,0.125,20.15,1
MONTEA,MONTEA DAILY XIANGPIAN (TIN) 125G,0.125,20.15,1
MONTEA,MONTEA DAILY GREEN TEA (TIN) 125G,0.125,20.15,1
MONTEA,MONTEA SIGNATURE XIANPIAN (TIN) 125G,0.125,35.65,1
MONTEA,MONTEA SIGNATURE PU'ER (TIN) 125G,0.125,35.65,1
NESCAFE,NESCAFE DOLCE GUSTO AMERICANO 128G,0.128,33.1,1
137 DEGREES,137 DEGREES ALMOND MILK ORIGINAL 180ML,0.18,4.95,1
137 DEGREES,137 DEGREES ALMOND MILK UNSWEETENED 180ML,0.18,4.95,1
137 DEGREES,137 DEGREES PISTACHIO MILK BELGIAN CHOC 180ML,0.18,5.55,1
137 DEGREES,137 DEGREES ALMOND MILK ORIGINAL 3X180ML,0.18,14.4,3
137 DEGREES,137 DEGREES ALMOND MILK UNSWEETENED 3X180ML,0.18,14.4,3
137 DEGREES,137 DEGREES PISTACHIO MILK BELGIAN CHOC 3X180ML,0.18,16.5,3
HACO,HACO MOCHA MEDIUM ROAST 100G,0.1,42.9,1
HACO,HACO SUISS SPECIAL BLEND MEDIUM ROAST 100G,0.1,42.9,1
MOCCONA,MOCCONA ESPRESSO STYLE FD COFFEE 100G,0.1,25.3,1
MOCCONA,MOCCONA INDULGENCE INSTANT COFFEE 100G,0.1,27.7,1
NESCAFE,NESCAFE CLASSIC JAR 100G,0.1,15.55,1
NESCAFE,NESCAFE GOLD JAR 100G,0.1,23.75,1
NESCAFE,NESCAFE GOLD DECAF JAR 100G,0.1,24.4,1
PODISTA,PODISTA CHOCOLATE CARAMEL INFUSION 100G,0.1,19.9,1
PODISTA,PODISTA CHOCOLATE MINT INFUSION 100G,0.1,19.9,1
PODISTA,PODISTA SMOOTH & CREAMY CHOCOLATE 100G,0.1,19.9,1
SUISS HACO,SUISS HACO ESPRESSO DARK ROAST 100G,0.1,42.9,1
SUISS HACO,SUISS HACO FUSION ARABICA 100G,0.1,42.9,1
SUISS HACO,SUISS HACO ARABICA MILD ROAST 100G,0.1,42.9,1
SURUGAEN,SURUGAEN YUKI SAIBAI FUNMATSU RYOKUCHA 100G,0.1,29.9,1
TCHIBO,TCHIBO GOLD SELECTION COFFEE 100G,0.1,22.8,1
DAVIDOFF,DAVIDOFF INST COFFEE RICH AROMA 100GM,0.1,33.7,1
DAVIDOFF,DAVIDOFF INST COFFEE ESPRESSO 100GM,0.1,33.7,1
DAVIDOFF,DAVIDOFF INST COFFEE FINE AROMA 100GM,0.1,33.7,1
ALLSWELL,ALLSWELL IMMUNITY DRINK MIXED BERRIES 4X240ML,0.24,14.4,4
BOH,BOH TEH 250G,0.25,7.4,1
3 LEGS,3 LEGS COOLING WATER 200ML,0.2,1.85,1
BINGGRAE,BINGGRAE STRAWBERRY FLV MILK DRINK 6*200ML,0.2,33.2,6
BINGGRAE,BINGGRAE MELON MILK 6X200ML,0.2,33.2,6
BINGGRAE,BINGGRAE BANANA FLV MILK DRINK 6*200M,0.2,33.2,6
BONCAFE,BONCAFE ESPRESSO COFFEE POWDER 200GM,0.2,25.8,1
BONCAFE,BONCAFE MOCCA COFFEE BEANS 200G,0.2,25.8,1
BONCAFE,BONCAFE ALL DAY COFFEE POWDER 200GM,0.2,25.8,1
BONCAFE,BONCAFE MORNING COFFEE POWDER 200GM,0.2,25.8,1
BONCAFE,BONCAFE MOCCA COFFEE POWDER 200G,0.2,25.8,1
BONCAFE,BONCAFE DECAFFEINATED COFFEE POWDER 200GM,0.2,35.05,1
100 PLUS,100 PLUS LEMON LIME 325ML,0.325,1.75,1
100 PLUS,100 PLUS ORIGINAL 325ML,0.325,1.75,1
100 PLUS,100 PLUS ORIGINAL 6X325ML,0.325,10.35,6
7UP,7UP CAN 4X320ML,0.32,7.75,4
7UP,7UP CAN 320ML,0.32,1.95,1
7UP,7UP REVIVE CAN 320ML,0.32,1.95,1
A&W,A&W SARSAPARILLA 320ML,0.32,2.1,1
ANCHOR,ANCHOR SMOOTH CAN 320ML,0.32,7.8,1
ANCHOR,ANCHOR SMOOTH CAN 6X320ML,0.32,42.9,6
ANGLIA,ANGLIA SHANDY CAN 6X320ML,0.32,18.4,6
ANGLIA,ANGLIA SHANDY CAN 24X320ML,0.32,71.0,24
APPLE FOX,APPLE FOX CIDER CAN 320ML,0.32,7.6,1
APPLE FOX,APPLE FOX CIDER CAN 4X320ML,0.32,26.4,4
ALBENS,ALBENS CIDER ORIGINAL 330ML,0.33,20.1,1
100 PLUS,100 PLUS ACTIVE REPLENISH 4X300ML,0.3,6.75,4
AUTHENTIC TEA,AUTHENTIC TEA HOUSE AYATAKA 300ML,0.3,1.75,1
AUTHENTIC TEA,AUTHENTIC TEA HOUSE OOLONG TEA 300ML,0.3,1.75,1
OVALTINE,OVALTINE MALTED MILK 400,0.4,13.2,1
100 PLUS,100 PLUS ACTIVE ASP 500ML,0.5,2.3,1
100 PLUS,100 PLUS LEMON LIME 500ML,0.5,2.3,1
100 PLUS,100 PLUS ORIGINAL 500ML,0.5,2.3,1
100 PLUS,100 PLUS ORIGINAL RS 500ML,0.5,2.3,1
100 PLUS,100 PLUS ORIGINAL ZERO 500ML,0.5,2.3,1
3 LEGS,3 LEGS COOLING WATER 500ML,0.5,3.25,1
7UP,7UP 500ML,0.5,2.7,1
A&W,A&W SARSAPARILLA 500ML,0.5,2.4,1
AUTHENTIC TEA,AUTHENTIC TEA HSE AYATAKA 500ML,0.5,2.95,1
AUTHENTIC TEA,AUTHENTIC TEA HOUSE OOLONG TEA 500ML,0.5,2.95,1
BACARDI,BACARDI CARTA BLANCA - 750ML,0.75,235.0,1
BICKFORDS,BICKFORDS LEMON JUICE CORDIAL 750ML,0.75,21.9,1
BICKFORDS,BICKFORDS NATURAL LIME CORDIAL 750ML,0.75,21.9,1
BICKFORDS,BICKFORDS RASPBERRY FLV CORDIAL 750ML,0.75,21.9,1
BAILEYS,BAILEYS ORIGINAL IRISH CREAM 700ML,0.7,171.0,1
BLUE DIAMOND,BLUE DIAMOND ALMOND CHOCOLATE MILK 946ML,0.946,18.0,1
BLUE DIAMOND,BLUE DIAMOND ALMOND MATCHA MILK 946ML,0.946,18.0,1
BLUE DIAMOND,BLUE DIAMOND ALMOND ORIGINAL MILK 946ML,0.946,18.0,1
HANSUNG,HANSUNG HANRABONG HONEY TEA 1150G,1.15,44.85,1
HANSUNG,HANSUNG JUJUBE HONEY TEA 1150G,1.15,44.85,1
HANSUNG,HANSUNG CITRON HONEY TEA 1150G,1.15,45.55,1
HANSUNG,HANSUNG PASSION FRUIT HANRABONG TEA 1150G,1.15,44.85,1
HANSUNG,HANSUNG LEMON HONEY TEA 1150G,1.15,44.85,1
HANSUNG,HANSUNG GINGER HONEY TEA 1150G,1.15,44.85,1
HANSUNG,HANSUNG POMEGRANATE HONEY TEA 1150G,1.15,44.85,1
HANSUNG,HANSUNG ALOE HONEY TEA 1150G,1.15,44.85,1
SPRITZER,SPRITZER DRINKING WATER 1.25L,1.25,2.42,1
SPRITZER,SPRITZER MINERAL WATER 1.25L,1.25,2.6,1
WOOLWORTHS,WOOLWORTHS LEMONADE ZERO SUGAR SOFT DRINK 1.25L,1.25,7.9,1
WOOLWORTHS,WOOLWORTHS PASSIONFRUIT SOFT DRINK 1.25L,1.25,7.9,1
WOOLWORTHS,WOOLWORTHS LEMON LIME & BITTERS 1.25L,1.25,7.9,1
WOOLWORTHS,WOOLWORTHS LIGHTLY SPARKLING LIME WATER 1.25L,1.25,7.9,1
WOOLWORTHS,WOOLWORTHS LEMON ZERO SUGAR SOFT DRINK 1.25L,1.25,7.9,1
WOOLWORTHS,WOOLWORTHS LEMONADE SOFT DRINK 1.25L,1.25,7.9,1
WOOLWORTHS,WOOLWORTHS LEMON SOFT DRINK 1.25L,1.25,7.9,1
WOOLWORTHS,WOOLWORTHS SODA WATER 1.25L,1.25,7.9,1
WOOLWORTHS,WOOLWORTHS LEMON ZERO SUGAR 1.25L,1.25,7.9,1
100 PLUS,100 PLUS ORIGINAL RS 1.5L,1.5,4.45,1
100 PLUS,100 PLUS ORIGINAL ZERO 1.5L,1.5,4.45,1
100 PLUS,100 PLUS LEMON LIME 1.5L,1.5,4.45,1
7UP,7UP REVIVE 1.5L,1.5,4.7,1
7UP,7UP 1.5L,1.5,4.7,1
A&W,A&W SARSAPARILLA 1.5L,1.5,4.35,1
AUTHENTIC TEA,AUTHENTIC TEA HOUSE AYATAKA 1.5L,1.5,6.0,1
AUTHENTIC TEA,AUTHENTIC TEA HOUSE OOLONG TEA 1.5L,1.5,6.0,1
CACTUS,CACTUS MINERAL WATER 1.5L,1.5,1.45,1
COCA-COLA,COCA COLA RASA ASLI 1.5L,1.5,4.35,1
COCA-COLA,COCA COLA VANILLA 1.5L,1.5,4.35,1
COCA-COLA,COCA-COLA ZERO SUGAR 1.5L,1.5,4.35,1
DASANI,DASANI DRINKING WATER 1.5L,1.5,1.5,1
DASANI,DASANI MINERAL WATER 1.5L,1.5,2.0,1
EAU CLAIRE,EAU CLAIRE MINERAL WATER 1.5L,1.5,2.0,1
EVIAN,EVIAN NATURAL MINERAL WATER 1.5L,1.5,10.65,1
F&N,F&N GINGER ADE 1.5L,1.5,4.25,1
F&N,F&N SARSI 1.5L,1.5,4.25,1
F&N,F&N ZAPPEL 1.5L,1.5,4.25,1
F&N,F&N STRAWBERRY 1.5L,1.5,4.25,1
F&N,F&N ICE CREAM SODA 1.5L,1.5,4.25,1
FANTA,FANTA STRAWBERRY 1.5L,1.5,3.45,1
FANTA,FANTA GRAPE 1.5L,1.5,3.45,1
FUZE TEA,FUZE TEA JASMINE GREEN TEA 1.5L,1.5,6.0,1
FUZE TEA,FUZE TEA ICE LEMON TEA 1.5L,1.5,6.0,1
FUZE TEA,FUZE TEA ICE PASSION FRUIT 1.5L,1.5,6.0,1
FUZE TEA,FUZE TEA MANGO CHAMOMILE 1.5L,1.5,6.0,1
ICE MOUNTAIN,ICE MOUNTAIN MINERAL WATER 1.5L,1.5,1.55,1
MINUTE MAID,MINUTE MAID PLUS ORANGE 1.5L,1.5,5.6,1
MINUTE MAID,MINUTE MAID PLUS TROPICAL 1.5L,1.5,5.6,1
MOMA,MOMA WATER PREMIUM 1.5L,1.5,2.35,1
NATURAL ONE,NATURAL ONE PURE APPLE 1.5L,1.5,28.2,1
NATURAL ONE,NATURAL ONE GRAPES APPLE 1.5L,1.5,28.2,1
OCEAN SPRAY,OCEAN SPRAY LIGHT CRANBERRY 1.5L,1.5,32.9,1
PEPSI,PEPSI 1.5L,1.5,4.7,1
PEPSI,PEPSI BLACK 1.5L,1.5,4.7,1
PEPSI,PEPSI BLACK VANILLA PET 1.5L,1.5,4.7,1
POKKA,POKKA SENCHA JAPANESE GREEN TEA 1.5L,1.5,6.3,1
POKKA,POKKA CHRYSANTHEMUM WHITE TEA 1.5L,1.5,6.3,1
POKKA,POKKA HOUJICHA 1.5L,1.5,6.3,1
POKKA,POKKA JASMINE GREEN TEA 1.5L,1.5,6.3,1
POKKA,POKKA OOLONG TEA 1.5L,1.5,6.3,1
POKKA,POKKA ICE LEMON TEA 1.5L,1.5,6.3,1
POKKA,POKKA NATSBEE HONEY YUZU 1.5L,1.5,7.3,1
SPRITE,SPRITE 1.5L,1.5,4.35,1
SPRITE,SPRITE ZERO 1.5L,1.5,4.35,1
TROPICANA TWISTER,TROPICANA TWISTER APPLE 1.5L,1.5,6.9,1
TROPICANA TWISTER,TROPICANA TWISTER ORANGE 1.5L,1.5,6.9,1
F&N,F&N GRAPE 1.5LTR,1.5,4.25,1
F&N,F&N ORANGE 1.5LTR,1.5,4.25,1
F&N,F&N FRUITADE 1.5LTR,1.5,4.25,1
100 PLUS,100 PLUS ORIGINAL 1.75L,1.75,4.45,1
MARIGOLD,MARIGOLD PEEL FRESH ORANGE JUICE 1.89L,1.89,12.55,1
MARIGOLD,MARIGOLD PEEL FRESH APPLE A/V 1.89L,1.89,12.55,1
OSK,OSK 3IN1 MATCH LATTE 12X22G,0.022,19.9,12
OSK,OSK 3IN1 HOJICHA LATTE 12X22G,0.022,19.9,12
OSK,OSK 3IN1 JASMINE LATTE 12X22G,0.022,19.9,12
CHEKHUP,CHEKHUP INSTANT TEH TARIK 12X40G,0.04,18.8,12
OLD TOWN WHITE COFFEE,OLD TOWN 3IN1 WHITE MILK TEA 13SX35G,0.035,20.15,13
YOU.C1000,YOU.C1000 LEMON DRINK 140ML,0.14,3.25,1
OCEAN SPRAY,OCEAN SPRAY CRAISINS 50% LESS SUGAR 142G,0.142,13.05,1
OCEAN SPRAY,OCEAN SPRAY CRAISINS ORI CRANBERRIES 142GM,0.142,13.05,1
OCEAN SPRAY,OCEAN SPRAY CRAISINS BLUEBERRY 142GM,0.142,13.05,1
NESCAFE,NESCAFE KOPI O 15'SX16G,0.016,9.6,15
JELLY B,JELLY B KONJAC JELLY LYCHEE 150ML,0.15,6.9,1
SPRITE,SPRITE REG MINI CAN 150ML,0.15,3.9,1
OLD TOWN WHITE COFFEE,OLD TOWN W/CAFE 2IN1 COFFEE&CREAMER 15SX25G,0.025,19.8,15
OLD TOWN WHITE COFFEE,OLD TOWN KOPITIAM SMOOTH ROAST LESS SUGAR 15SX25G,0.025,19.8,15
NESCAFE,NESCAFE 3IN1 WHITE COFFEE 15SX32G,0.032,16.95,15
NESCAFE,NESCAFE WHITE COFFEE HAZELNUT 15SX33G,0.033,17.65,15
NESCAFE,NESCAFE WHITE COFFEE ORIGINAL 15SX33G,0.033,18.55,15
OVALTINE,OVALTINE MALTED MILK STICKS 15SX34G,0.034,17.0,15
OLD TOWN WHITE COFFEE,OLD TOWN 3IN1 W/CAFE LESS SUGAR 15SX35G,0.035,19.8,15
OLD TOWN WHITE COFFEE,OLD TOWN 3IN1 W/CAFE EXTRA RICH 15SX35G,0.035,19.8,15
OLD TOWN WHITE COFFEE,OLD TOWN WHITE COFFEE SALTED CARAMEL 15SX35G,0.035,19.8,15
OLD TOWN WHITE COFFEE,OLD TOWN 3IN1 W/CAFE CANE SUGAR 15SX36G,0.036,19.8,15
OLD TOWN WHITE COFFEE,OLD TOWN 3IN1 W/CAFE HAZELNUT 15SX38G,0.038,19.8,15
OLD TOWN WHITE COFFEE,OLD TOWN 3IN1 W/CAFE CLASSIC 15SX38G,0.038,19.8,15
NESCAFE,NESCAFE GOLD AMERICANO 15X11G,0.011,16.05,15
TWININGS,TWININGS LONDON STRAND EARL GREY 15X2.5G,0.0025,55.0,15
NESCAFE,NESCAFE GOLD FLAT WHITE 15X20G,0.02,17.8,15
SUPER,SUPER WHITE COFFEE 2IN1 COFFEE & CREAMER 15X25G,0.025,17.0,15
COFFEE TREE,COFFEE TREE PENANG WHITE COFFEE W/O SUGAR 15X30G,0.03,20.8,15
NESCAFE,NESCAFE 3IN1 LATTE MOCHA 15X31G,0.031,15.65,15
SUPER,SUPER WHITE COFFEE BROWN SUGAR 15X33G,0.033,17.0,15
SUPER,SUPER WHITE COFFEE HAZELNUT 15X33G,0.033,17.0,15
SUPER,SUPER WHITE COFFEE CLASSIC 15X35G,0.035,17.0,15
COFFEE TREE,COFFEE TREE PENANG WHITE COFFEE 15X40G,0.04,22.15,15
NESCAFE,NESCAFE DOLCE GUSTO GRANDE INTENSO 16S,,33.1,16
NESCAFE,NESCAFE DOLCE GUSTO CAFE AU LAIT 16S,,33.1,16
NESCAFE,NESCAFE DOLCE GUSTO ESPRESSO INTENSO 16S,,33.1,16
NESCAFE,NESCAFE DOLCE GUSTO CHOCOCINO 16S,,33.1,16
NESCAFE,NESCAFE DOLCE GUSTO CAPPUCINO 16S,,33.1,16
NESCAFE,NESCAFE DOLCE GUSTO FLAT WHITE 16S,,33.1,16
NESCAFE,NESCAFE GOLD RP 170G,0.17,33.15,1
FRENCHE ROAST,FRENCHE ROAST INDULGENCE SALTED CARAMEL LATTE 18S,,14.9,18
FRENCHE ROAST,FRENCHE ROAST INDULGENCE TIRAMISU LATTE 18S,,14.9,18
MILO,MILO 3IN1 ACTIV GO 18X33G,0.033,19.0,18
SAN PELLEGRINO,SAN PELLEGRINO SPARKLING WATER (PET) 100CL,1.0,11.1,1
100 PLUS,100 PLUS ACTIVE ASP 1L,1.0,3.3,1
137 DEGREES,137 DEGREES ALMOND MILK WITH AVOCADO 1L,1.0,23.5,1
137 DEGREES,137 DEGREES WALNUT MILK ORIGINAL 1L,1.0,25.0,1
137 DEGREES,137 DEGREES PISTACHIO MILK DOUBLE CHOC 1L,1.0,25.0,1
ACQUA PANNA,ACQUA PANNA STILL WATER (PET) 100CL,1.0,11.1,1
ALPS,ALPS ELABORATE GRAPE JUICE 1L,1.0,30.9,1
ALPS,ALPS ELABORATE GRAPE JUICE PREMIUM WHITE 1L,1.0,30.9,1
AUSTRALIA'S,AUSTRALIA'S OWN ORG BARISTA ALMOND MILK 1L,1.0,17.9,1
BITERIOT,BITERIOT PURE CHERRY JUICE 1LITRE,1.0,35.9,1
CERES,CERES RUBY GRAPEFRUIT 1L,1.0,9.1,1
CERES,CERES MEDLEY OF FRUITS 1L,1.0,9.1,1
CERES,CERES APPLE 1L,1.0,9.1,1
CERES,CERES CRANBERRY&KIWI 1L,1.0,9.1,1
CERES,CERES MANGO 1L,1.0,9.1,1
CERES,CERES ORANGE 1L,1.0,9.1,1
CERES,CERES SECRETS OF VALLEY 1L,1.0,9.1,1
CERES,CERES WHISPERS OF SUMMER 1L,1.0,9.1,1
CHIOS,CHIOS GARDENS 12 ORANGES SMOOTH 1L,1.0,14.9,1
CHIOS,CHIOS GARDENS 3 FRUITS MIX 1L,1.0,14.9,1
COSIP,COSIP COCONUT PLANT BASED MILK 1L,1.0,15.6,1
COSIP,COSIP CHOCOLICIOUS PLANT BASED MILK 1L,1.0,15.6,1
COSIP,COSIP BARISTA PLANT BASED MILK 1L,1.0,16.5,1
CYPRINA,CYPRINA APPLE JUICE 1L,1.0,7.9,1
CYPRINA,CYPRINA RED GRAPE JUICE 1L,1.0,7.9,1
DRINHO,DRINHO SOYA BEAN 1L,1.0,3.75,1
DRINHO,DRINHO CHRYSANTHEMUM TEA 1L,1.0,3.5,1
DRINHO,DRINHO WINTER MELON 1L,1.0,3.5,1
DRINHO,DRINHO LYCHEE 1L,1.0,3.5,1
DRINHO,DRINHO GREEN TEA 1L,1.0,3.5,1
DRINHO,DRINHO SOYA CORN 1L,1.0,3.95,1
DUTCH LADY,DUTCH LADY UHT FULL CREAM 1L,1.0,7.9,1
DUTCH LADY,DUTCH LADY UHT CHOC 1L,1.0,7.9,1
DUTCH LADY,DUTCH LADY UHT LOW FAT 1L,1.0,7.9,1
FARM FRESH,FARM FRESH SOYA MILK 1L,1.0,6.5,1
FARM FRESH,FARM FRESH SOYA MILK CHOC 1L,1.0,6.5,1
FARM FRESH,FARM FRESH ORGANIC MILK 1L,1.0,10.4,1
FLORIDAS,FLORIDAS QUICK CHILL APPLE JUICE 1L,1.0,19.9,1
HOMESOY,HOMESOY NO SUGAR ADDED 1L,1.0,3.9,1
HOMESOY,HOMESOY ORIGINAL 1L,1.0,3.9,1
HOMESOY,HOMESOY BROWN SUGAR 1L,1.0,3.9,1
HOMESOY,HOMESOY HONEY MELON 1L,1.0,3.9,1
HOMESOY,HOMESOY MULTIGRAIN 1L,1.0,5.5,1
LAVAZZA,LAVAZZA CREMA E AROMA BEANS 1KG,1.0,102.45,1
LIVING PLANET ORG,LIVING PLANET ORG DAIRY MILK FULL CREAM 1L,1.0,17.9,1
MARIGOLD,MARIGOLD PEEL FRESH MANGO 1L,1.0,6.9,1
MARIGOLD,MARIGOLD PEEL FRESH ORANGE 1L,1.0,6.9,1
MARIGOLD,MARIGOLD PEEL FRESH APPLE A/V 1L,1.0,6.9,1
MARIGOLD,MARIGOLD PEEL FRESH PINK GUAVA 1L,1.0,6.9,1
MARIGOLD,MARIGOLD PEEL FRESH SOURSOP 1L,1.0,6.9,1
MARIGOLD,MARIGOLD 100% JUICE APPLE 1L,1.0,7.35,1
MARIGOLD,MARIGOLD 100% JUICE CARROT MIX FRUIT 1L,1.0,7.35,1
MARIGOLD,MARIGOLD 100% JUICE ORANGE 1L,1.0,7.35,1
MARIGOLD,MARIGOLD 100% JUICE PEAR & MIXED BERRIES 1L,1.0,7.35,1
MARIGOLD,MARIGOLD 100% JUICE PURPLE VEGGIE 1L,1.0,7.35,1
MARIGOLD,MARIGOLD 100% JUICE TROPICAL FRUIT 1L,1.0,7.35,1
MARIGOLD,MARIGOLD UHT MILK CHOCOLATE 1L,1.0,8.2,1
MARIGOLD,MARIGOLD UHT MILK FULL CREAM 1L,1.0,8.2,1
MARIGOLD,MARIGOLD UHT MILK LOW FAT 1L,1.0,8.2,1
MARIGOLD,MARIGOLD PEEL FRESH POWER BERRIES NS 1L,1.0,8.6,1
MARIGOLD,MARIGOLD PEEL FRESH N/SGR P.VEGE&FRUITS 1L,1.0,8.6,1
MARIGOLD,MARIGOLD PEEL FRESH NS ORANGE 1L,1.0,8.6,1
MG,MG PEEL FRESH N/S/ADDED-MIXED KALE&VEGGIES 1L,1.0,8.6,1
MILO,MILO ACTIV-GO UHT 1L,1.0,8.25,1
MILO,MILO SOFT PACK 1KG,1.0,23.2,1
MILO,MILO AUSTRALIA 1KG,1.0,50.9,1
NESCAFE,NESCAFE DAIRY FREE ALMOND UHT 1L,1.0,11.9,1
NESTLE,NESTLE GOODNES DAIRY FREE OAT UHT 1L,1.0,12.5,1
NESTLE,NESTLE GOODNES DAIRY FREE ALMOND & OAT UHT 1L,1.0,12.5,1
NESTLE,NESTLE OMEGA+ACTICOL 1KG,1.0,48.9,1
OATBEDIENT,OATBEDIENT OAT MILK BARISTA 1L,1.0,17.3,1
OATBEDIENT,OATBEDIENT OAT MILK CHOCOLATE 1L,1.0,17.3,1
OATSIDE,OATSIDE ORIGINAL BARISTA 1L,1.0,9.9,1
OATSIDE,OATSIDE CHOCOLATE 1L,1.0,9.9,1
OCEAN SPRAY,OCEAN SPRAY CRANBERRY CLASSIC 1L,1.0,14.9,1
OCEAN SPRAY,OCEAN SPRAY CRANBERRY JUICE 1L,1.0,18.6,1
OYOSHI,OYOSHI GREEN TEA HONEY LEMON 1L,1.0,3.8,1
POKKA,POKKA MELON MILK 1L,1.0,6.2,1
POKKA,POKKA KURMA MILK 1L,1.0,6.2,1
PROMEX,PROMEX UHT FULL CREAM MILK 1L,1.0,7.3,1
PROMEX,PROMEX UHT LOW FAT MILK 1L,1.0,7.3,1
PROMEX,PROMEX UHT CHOCO MILK 1L,1.0,7.3,1
RIBENA,RIBENA BLACKCURRANT 1L,1.0,16.85,1
RIBENA,RIBENA STRAWBERRY 1L,1.0,16.85,1
RIBENA,RIBENA BLACKCURRANT 1L FREE TOTE BAG,1.0,16.85,1
RIBENA,RIBENA STRAWBERRY 1L FREE TOTE BAG,1.0,16.85,1
RIPE,RIPE APPLE JUICE (NAS) 1L,1.0,8.0,1
RIPE,RIPE ORANGE JUICE 1L,1.0,8.0,1
RIPE,RIPE PINK GUAVA JUICE (NAS) 1L,1.0,8.0,1
ROBINSONS,ROBINSONS SQUASH APPLE B/CURRANT NAS 1L,1.0,13.9,1
ROBINSONS,ROBINSONS SQUASH LEMON NAS 1L,1.0,13.9,1
ROBINSONS,ROBINSONS SQUASH ORANGE NAS 1L,1.0,13.9,1
ROBINSONS,ROBINSONS FRUIT&BARLEY PEACH NAS 1L,1.0,13.9,1
ROBINSONS,ROBINSONS PINK GRAPEFRUIT&BARLEY NAS 1L,1.0,13.9,1
ROBINSONS,ROBINSONS SQUASH SUMMER FRUIT NAS 1L,1.0,13.9,1
SANITARIUM,SANITARIUM SO GOOD LITE SOY MILK 1L,1.0,10.65,1
SANITARIUM,SANITARIUM SO GOOD REGULAR SOY MILK 1L,1.0,10.65,1
SANITARIUM,SANITARIUM SO GOOD OAT CHOCOLATE 1L,1.0,12.2,1
SANITARIUM,SANITARIUM SO GOOD ALMOND MILK 1L,1.0,12.2,1
SANITARIUM,SANITARIUM SO GOOD ALMOND MILK UNSWEETENED 1L,1.0,12.2,1
SANITARIUM,SANITARIUM SO GOOD BARISTA ALMOND MILK 1L,1.0,16.45,1
SANITARIUM,SANITARIUM SO GOOD BARISTA OAT MILK 1L,1.0,16.45,1
SANITARIUM,SANITARIUM SO GOOD BARISTA SOY MILK 1L,1.0,16.45,1
SEASONS,SEASONS CHRYSANTHEMUM 1L,1.0,3.0,1
SO,SO NATURAL EXTRA MILKY SOY 1L,1.0,12.9,1
SPRITZER,SPRITZER SPARKLING MINERAL WATER 1L,1.0,3.9,1
SUNKIST,SUNKIST APPLE JUICE 1L,1.0,5.8,1
UFC,UFC REFRESH COCONUT WATER 1L,1.0,9.0,1
UFC,UFC VELVET COCONUT MILK DRINK UNSWEETENED 1L,1.0,9.8,1
UFC,UFC VELVET COCONUT MILK DRINK ORIGINAL 1L,1.0,9.8,1
UFC,UFC VELVET COCONUT MILK DRINK CHOCOLATE 1L,1.0,12.0,1
UFC,UFC VELVET ALMOND DRINK ORIGINAL 1L,1.0,14.9,1
UFC,UFC VELVET ALMOND DRINK UNSWEETENED 1L,1.0,14.9,1
UFC,UFC VELVET OAT MILK UNSWEETENED 1L,1.0,14.9,1
UFC,UFC VELVET OAT MILK BARISTA EDITION 1L,1.0,14.9,1
UFC,UFC VELVET OAT MILK CHOCOLATE 1L,1.0,15.2,1
UNIF,UNIF 100% MIX VEGE & FRUIT WITH BEET ROOT 1L,1.0,10.0,1
UNIF,UNIF 100% MIX VEGE & FRUIT WITH CARROT 1L,1.0,10.0,1
UNIF,UNIF 100% MIX VEGE & FRUIT WITH MIX BERRY 1L,1.0,10.0,1
UNIF,UNIF 100% MIX VEGE & FRUIT WITH GREEN VEGE 1L,1.0,10.0,1
UNIF,UNIF COCO DEE COCONUT WATER 1L,1.0,10.6,1
V-SOY,V-SOY LOW SUGAR UHT 1L,1.0,6.95,1
V-SOY,V-SOY ORIGINAL SOYA BEAN 1L,1.0,6.95,1
V-SOY,V-SOY GOLDEN GRAIN UHT 1L,1.0,6.95,1
V-SOY,V-SOY MULTIGRAIN SOYA BEAN 1L,1.0,6.95,1
VICO,VICO PANDAN FLAVOR COCONUT WATER 1L,1.0,9.9,1
VICO,VICO XIEM FLAVOR COCONUT WATER 1L,1.0,9.9,1
VICO,VICO ORGANIC COCONUT WATER 1L,1.0,10.5,1
YEOS,YEOS IMMUNO SOY MILK 1L,1.0,4.9,1
YEOS,YEOS IMMUNO SOY CHOCOLATE 1L,1.0,4.9,1
FERNLEAF,FERNLEAF UHT FULL CREAM MILK 1LIT,1.0,7.2,1
FERNLEAF,FERNLEAF UHT LOW FAT MILK 1LIT,1.0,7.2,1
SUNKIST,SUNKIST NFC ORANGE NO PULP 1LITRE,1.0,10.5,1
EVIAN,EVIAN MINERAL WATER 1LTR,1.0,9.95,1
DILMAH,DILMAH GREEN TEA JASMINE PETALS 20'S,,9.95,20
DILMAH,DILMAH GREEN TEA MOROCCAN MINT 20'S,,9.95,20
DILMAH,DILMAH GREEN TEA SENCHA 20'S,,9.95,20
DILMAH,DILMAH GREEN TEA PURE GREEN 20'S,,9.95,20
DILMAH,DILMAH ENGLISH BREAKFAST TEA BAGS 20'S,,12.2,20
DILMAH,DILMAH EXCPT ROSE WITH FRENCH VANILLA 20'S,,14.85,20
DILMAH,DILMAH EXCPT BERRY SENSATION 20'S,,14.85,20
DILMAH,DILMAH EXCPT ARAB MINT W HONEY 20'S,,14.85,20
DILMAH,DILMAH PURE PEPPERMINT 20'SX1.5G,0.0015,12.95,20
DILMAH,DILMAH CEYLON GT CHAMOMILE 20'SX2G,0.002,15.1,20
DILMAH,DILMAH CEYLON GT LEMONGRASS 20'SX2G,0.002,15.1,20
HATA,HATA SHIO SUIKA RAMUNE 200G,0.2,5.6,1
MILO,MILO SOFT PACK 200G,0.2,5.45,1
MOCCONA,MOCCONA ESPRESSO STYLE FD COFFEE 200G,0.2,44.7,1
MOCCONA,MOCCONA DARK ROAST FD COFFEE 200G,0.2,44.7,1
MOCCONA,MOCCONA CLASSIC MEDIUM ROAST FD COFFEE 200G,0.2,44.7,1
NESCAFE,NESCAFE CLASSIC REF 200G,0.2,23.5,1
NESCAFE,NESCAFE GOLD 200G,0.2,43.8,1
NESTLE,NESTLE COFFEE-MATE NDC POUCH 200G,0.2,5.1,1
STARBUCKS,STARBUCKS BLONDE RST VERANDA BLEND GROUND 200G,0.2,30.1,1
STARBUCKS,STARBUCKS DARK ROAST CAFE VERONA GROUND 200G,0.2,30.1,1
STARBUCKS,STARBUCKS MED RST PIKE PLACE BEAN 200G,0.2,30.1,1
ITO-EN,ITO-EN OI OCHA GREEN TEA 20S,,15.5,20
LIPTON,LIPTON POTBAGS 20S,,3.75,20
LIPTON,LIPTON GET FIT 20S,,13.3,20
LIPTON,LIPTON SWEET NIGHTS 20S,,13.3,20
LOR ESSENSO,LOR ESSENSO MICROGROUND COFFEE BRAZILIAN 3IN1 20S,,20.8,20
LOR ESSENSO,LOR ESSENSO MICROGROUND COFFEE COLOMBIAN 2IN1 20S,,20.8,20
ENGLISH TEA,ENGLISH TEA SHOP OG ENGLISH BREAKFAST 20TB,,20.7,20
ENGLISH TEA,ENGLISH TEA SHOP OG SUPER BERRIES 20TB,,20.7,20
LOR ESSENSO,L'OR ESSENSO MICROGRD COFFEE & CREAMER 20X16G,0.016,18.9,20
NESCAFE,NESCAFE LATTE HAZELNUT 20X24GM,0.024,15.65,20
LOR ESSENSO,L'OR ESSENSO MICROGROUND COFFEE 20X25G,0.025,19.0,20
NESCAFE,NESCAFE 3IN1 LATTE CARAMEL 20X25G,0.025,15.65,20
ITO-EN,ITO-EN OI OCHA MATCHA GENMACHAI 20X2G,0.002,15.5,20
LOR ESSENSO,L'OR ESSENSO M/GROUND COLOMBIAN BLEND 20X2G,0.002,12.2,20
NESCAFE,NESCAFE GOLD STICKBOX 20X2G,0.002,11.75,20
ILLY,ILLY CLASSIC ROAST CAPSULES 21S,,66.2,21
NESTUM,NESTUM ALL FMLY ORI 220G,0.22,6.2,1
STARBUCKS,STARBUCKS DOUBLESHOT MOCHA 220ML,0.22,6.5,1
STARBUCKS,STARBUCKS DOUBLESHOT ESPRESSO LATTE 220ML,0.22,6.5,1
MALTESER,MALTESER HOT CHOCOLATE DRINK 225G,0.225,21.9,1
MILO,MILO PLANTBASED ACT-GO ALMOND 225ML,0.225,3.5,1
NESCAFE,NESCAFE DAIRY FREE LATTE ALM 225ML,0.225,3.5,1
NESCAFE,NESCAFE DAIRY FREE LATTE OAT 225ML,0.225,3.5,1
PALDO PARORO,PALDO PORORO TROPICAL 235ML,0.235,5.65,1
PALDO PARORO,PALDO PORORO BLUEBERRY 235ML,0.235,5.65,1
POPORO,POPORO PEACH 235ML,0.235,5.65,1
YIT,YIT FOH TENOM COFFEE 2IN1 240G,0.24,11.2,1
MILO,MILO CAN 240ML,0.24,3.0,1
MILO,MILO ACTIV-GO KAW CAN 240ML,0.24,3.0,1
NESCAFE,NESCAFE LATTE CAN 240ML,0.24,3.0,1
NESCAFE,NESCAFE ICE CAN 240ML,0.24,3.0,1
NESCAFE,NESCAFE MOCHA CAN 240ML,0.24,3.0,1
NESCAFE,NESCAFE ORIGINAL CAN 240ML,0.24,3.0,1
POKKA,POKKA RICH COFFEE CAN 240ML,0.24,2.6,1
POKKA,POKKA PREMIUM MOCHA COFFEE 240ML,0.24,2.6,1
WONDA COFFEE,WONDA EXTRA PRESSO ORIGINAL 240ML,0.24,2.65,1
CARLSBERG,CARLSBERG BEER CAN (GL) 24X320ML,0.32,168.0,24
CARLSBERG,CARLSBERG SMOOTH DRAUGHT CANS 24X320ML,0.32,170.0,24
CONNOR'S,CONNOR'S 24X320ML,0.32,201.0,24
GUINNESS,GUINNESS STOUT CAN 24X320ML,0.32,180.0,24
HEINEKEN,HEINEKEN BEER CAN 24X320ML,0.32,203.0,24
SKOL,SKOL BEER CAN 24X320ML,0.32,159.0,24
SOMERSBY,SOMERSBY BLACK BERRY CAN 24X320ML,0.32,170.8,24
SOMERSBY,SOMERSBY PASSIONFRUIT & ORANGE 24X320ML,0.32,170.8,24
SOMERSBY,SOMERSBY APPLE CAN 24X320ML,0.32,170.8,24
TIGER,TIGER CRYSTAL CAN 24X320ML,0.32,175.0,24
TIGER,TIGER BEER CAN 24X320ML,0.32,171.0,24
EDELWEISS,EDELWEISS WHEAT BEER 24X330ML,0.33,227.2,24
SOMERSBY,SOMERSBY APPLE CIDER 24X330ML,0.33,225.1,24
SPRITZER,SPRITZER MINERAL WATER 24X550ML,0.55,30.0,24
TWININGS,TWININGS INFUSION LEMON&GINGER 25'SX1.5G,0.0015,26.5,25
TWININGS,TWININGS INFUSION SBERRY&MANGO 25'SX2G,0.002,26.5,25
CADBURY,CADBURY DRINKING CHOCOLATE 250G (AUS),0.25,19.9,1
ILLY,ILLY CLASSIC ROAST BEAN 250G,0.25,61.9,1
ILLY,ILLY DECAFF GROUND 250G,0.25,61.9,1
LAVAZZA,LAVAZZA CRME E GUSTO GROUND 250G TIN,0.25,31.6,1
LAVAZZA,LAVAZZA QUALITA ROSSA TIN 250G,0.25,34.2,1
LAVAZZA,LAVAZZA QUALITA ROSSA BEANS 250G BAG,0.25,34.2,1
LAVAZZA,LAVAZZA CAFE ESPRESSO(BLACK) BEAN 250G,0.25,39.2,1
LAVAZZA,LAVAZZA QUALITA ORO TIN 250G,0.25,39.95,1
LAVAZZA,LAVAZZA QUALITA ORO BEANS 250G,0.25,39.95,1
LAVAZZA,LAVAZZA DECAF TIN GROUND 250G,0.25,42.95,1
ILLY,ILLY BOLD ROAST GROUND 250GX12,0.25,61.9,12
GRANTE,GRANTE POMEGRANATE AND CHERRY JUICE 250ML,0.25,7.55,1
GRANTE,GRANTE BLACK GRAPE JUICE 250ML,0.25,7.55,1
HONEY B,HONEY B SPARKLING HONEY 250ML,0.25,3.95,1
RED BULL,RED BULL LESS SUGAR 250ML,0.25,3.05,1
RED BULL,RED BULL EUROPE 250ML,0.25,6.6,1
REMEDY,REMEDY ORGANIC KOMBUCHA GINGER LEMON 250ML,0.25,8.9,1
REMEDY,REMEDY ORGANIC KOMBUCHA RASPBERRY LEMONADE 250ML,0.25,32.9,1
REMEDY,REMEDY ORGANIC KOMBUCHA PEACH 250ML,0.25,32.9,1
REMEDY,REMEDY ORGANIC KOMBUCHA GINGER LEMON 250ML,0.25,32.9,1
REMEDY,REMEDY ORGANIC KOMBUCHA LEMON LIME & MINT 250ML,0.25,32.9,1
SPRITZER,SPRITZER MINERAL WATER 250ML,0.25,0.79,1
STAR,STAR KOMBUCHA MELLOW MANGO 250ML,0.25,8.9,1
STAR,STAR KOMBUCHA PURPLE PASSIONFRUIT 250ML,0.25,8.9,1
STAR,STAR KOMBUCHA BLUEBERRY 250ML,0.25,8.9,1
STAR,STAR KOMBUCHA LYCHEE 250ML,0.25,8.9,1
YEOS,YEOS SOYA BEAN 4(6X250ML),0.25,24.95,24
FRENCHE ROAST,FRENCHE ROAST SIGNATURE BLEND 25S,,14.9,25
TWININGS,TWININGS JASMINE GREEN TEA 25SX1.8G,0.0018,21.8,25
NESCAFE,NESCAFE 3IN1 ORIGINAL 25SX18G,0.018,17.05,25
NESCAFE,NESCAFE 3IN1 MILD 25SX18G,0.018,16.95,25
NESCAFE,NESCAFE 3IN1 RICH 25SX18G,0.018,16.95,25
LIPTON,LIPTON YELLOW LABEL TEABAG 25SX2G,0.002,6.0,25
TWININGS,TWININGS PURE GREEN TEA 25SX2G,0.002,21.8,25
TWININGS,TWININGS PASSIONFRUIT MANGO&ORANGE 25SX2G,0.002,26.5,25
TWININGS,TWININGS 4 RED FRUITS FLAVOURED TEA 25SX2GM,0.002,26.5,25
TWININGS,TWININGS PEACH FLAVOURED TEA 25SX2GM,0.002,26.5,25
SUPER,SUPER COFFEE 3IN1 ORIGINAL 25X18G,0.018,14.3,25
TWININGS,TWININGS PURE PEPPERMINT 25X2G,0.002,26.5,25
STARBUCKS,STARBUCKS FRAPPUCCINO COFFEE 280ML,0.28,9.2,1
STARBUCKS,STARBUCKS FRAPPUCCINO MOCHA 280ML,0.28,9.2,1
OATBEDIENT,OATBEDIENT OAT MILK 28G,0.028,26.3,1
F&N,F&N SARSI CORDIAL 2L,2.0,12.45,1
F&N,F&N ROSE SYRUP CORDIAL 2L,2.0,12.45,1
F&N,F&N RUTBIR CORDIAL 2L,2.0,12.45,1
F&N,F&N GRAPE CORDIAL 2L,2.0,12.45,1
MARIGOLD,MARIGOLD PEEL FRESH APPLE 2L,2.0,13.4,1
MARIGOLD,MARIGOLD PEEL FRESH ORANGE 2L,2.0,13.4,1
MARIGOLD,MARIGOLD PEEL FRESH PINK GUAVA 2L,2.0,13.4,1
MARIGOLD,MARIGOLD HL PLAIN 2L,2.0,16.95,1
MILO,MILO SOFT PACK 2KG,2.0,42.1,1
RIBENA,RIBENA BLACKCURRANT 2L,2.0,28.55,1
WOOLWORTHS,WOOLWORTHS APPLE JUICE 2L,2.0,21.9,1
WOOLWORTHS,WOOLWORTHS MULTIVITAMIN JUICE 2L,2.0,21.9,1
TROPICANA TWISTER,TROPICANA TWISTER ASST 2X1.5L,1.5,12.5,2
FARMHOUSE,FARMHOUSE FRESH MILK 2X1L,1.0,24.35,2
VITAGEN,VITAGEN ASST TWIN PACK 2X5X125ML,0.125,9.9,2
VITAGEN,VITAGEN LESS SUGAR ASST TWIN PACK 2X5X125ML,0.125,10.65,10
NESCAFE,NESCAFE CLASSIC REF 300G,0.3,32.2,1
DRINHO,DRINHO SOYA BEAN 300ML,0.3,1.58,1
DRINHO,DRINHO LYCHEE 300ML,0.3,1.58,1
FRUIT TREE,FRUIT TREE APPLE ALOE 300ML,0.3,2.05,1
FRUIT TREE,FRUIT TREE LYCHEE NDC 300ML,0.3,2.05,1
FRUIT TREE,FRUIT TREE MANGO NDCO 300ML,0.3,2.05,1
HEAVEN&EARTH,HEAVEN&EARTH ICE PASSION FRUIT CAN 300ML,0.3,1.75,1
HOMESOY,HOMESOY BROWN SUGAR 300ML,0.3,2.4,1
HOMESOY,HOMESOY SOYA 300ML,0.3,2.4,1
MARIGOLD,MARIGOLD PEEL FRESH ORANGE 300ML,0.3,2.75,1
MARIGOLD,MARIGOLD PEEL FRESH MANGO 300ML,0.3,2.75,1
MARIGOLD,MARIGOLD PEEL FRESH SOURSOP 300ML,0.3,2.75,1
MARIGOLD,MARIGOLD PEEL FRESH PINK GUAVA 300ML,0.3,2.75,1
MARIGOLD,MARIGOLD PEEL FRESH APPLE ALOE VERA 300ML,0.3,2.75,1
MARIGOLD,MARIGOLD PEEL FRESH N/SGR MANGOSTEEN 300ML,0.3,3.1,1
MARIGOLD,MARIGOLD PEEL FRESH N/SGR ORANGE 300ML,0.3,3.1,1
MARIGOLD,MARIGOLD PEEL FRESH N/SGR BERRIES 300ML,0.3,3.1,1
MARIGOLD,MARIGOLD PEEL FRESH N/SGR P.VEGE 300ML,0.3,3.1,1
SCHWEPPES,SCHWEPPES LEMON LIME N BITTERS 300ML,0.3,33.9,1
SEASONS,SEASONS GRASS JELLY 300ML,0.3,1.7,1
SEASONS,SEASONS ICE LEMON TEA 300ML,0.3,1.7,1
SEASONS,SEASONS WATER CHESTNUT 300ML,0.3,1.7,1
SEASONS,SEASONS CHRYSANTHEMUM 300ML,0.3,1.7,1
SEASONS,SEASONS WINTER MELON 300ML,0.3,1.7,1
V-SOY,V-SOY MULTIGRAIN SOYA BEAN 300ML,0.3,2.7,1
HEAL,HEAL HIGH PROTEIN MATCHA LATTE 30G,0.03,6.9,1
TWININGS,TWININGS INFUSN HERBAL CAMOMILE 30G,0.03,20.9,1
MILO,MILO 3IN1 ACTIGEN ORIGINAL STP 30X33G,0.033,27.85,30
JIA DUO BAO,JIA DUO BAO GOLD CAN HERBAL DRINK 310ML,0.31,3.05,1
UNIIQ,UNIIQ KOMBUCHA CLASSIC 315ML,0.315,13.9,1
UNIIQ,UNIIQ KOMBUCHA CALAMANSI 315ML,0.315,13.9,1
UNIIQ,UNIIQ KOMBUCHA PASSION FRUIT 315ML,0.315,13.9,1
UNIIQ,UNIIQ KOMBUCHA ROSE 315ML,0.315,13.9,1
UNIIQ,UNIIQ KOMBUCHA PINK GUAVA 315ML,0.315,13.9,1
ANGLIA,ANGLIA SHANDY CAN 320ML,0.32,3.3,1
CARLSBERG,CARLSBERG BEER CAN (GL) 320ML,0.32,8.3,1
CARLSBERG,CARLSBERG SMOOTH DRAUGHT CANS 320ML,0.32,8.5,1
CARLSBERG,CARLSBERG SPECIAL BREW CAN 320ML,0.32,9.7,1
CHANG,CHANG CLASSIC BEER 320ML,0.32,14.9,1
COCA-COLA,COCA COLA ZERO SUGAR CAN 320ML,0.32,2.1,1
COCA-COLA,COCA COLA VANILLA 320ML,0.32,2.25,1
COCA-COLA,COCA-COLA RASA ASLI 320ML,0.32,2.1,1
CONNOR'S,CONNOR'S 320ML,0.32,10.0,1
FANTA,FANTA ORANGE CAN 320ML,0.32,1.7,1
GUINNESS,GUINNESS STOUT CAN 320ML,0.32,9.0,1
HEINEKEN,HEINEKEN BEER CAN 320ML,0.32,10.2,1
KICKAPOO,KICKAPOO CAN 320ML,0.32,1.95,1
KRONENBOURG,KRONENBOURG 1664 BLANC CAN 320ML,0.32,10.8,1
KRONENBOURG,KRONENBOURG 1664 ROSE CAN 320ML,0.32,10.8,1
KRONENBOURG,KRONENBOURG 1664 BRUT CAN 320ML,0.32,10.8,1
MALTA,MALTA CAN 320ML,0.32,3.65,1
PEPSI,PEPSI BLACK 320ML,0.32,1.95,1
PEPSI,PEPSI CAN 320ML,0.32,1.95,1
ROYAL STOUT,ROYAL STOUT CAN 320ML,0.32,8.8,1
SALTCOLA,SALTCOLA DRINK 320ML,0.32,2.2,1
SCHWEPPES,SCHWEPPES TONIC WATER 320ML,0.32,2.6,1
SCHWEPPES,SCHWEPPES SODA WATER 320ML,0.32,2.6,1
SCHWEPPES,SCHWEPPES DRY GINGER ALE 320ML,0.32,2.6,1
SKOL,SKOL BEER CAN 320ML,0.32,7.4,1
SOMERSBY,SOMERSBY BLACK BERRY CAN 320ML,0.32,8.5,1
SOMERSBY,SOMERSBY APPLE CAN 320ML,0.32,8.5,1
SOMERSBY,SOMERSBY PASSIONFRUIT & ORANGE 320ML,0.32,8.5,1
SPRITE,SPRITE CAN 320ML,0.32,2.1,1
TIGER,TIGER BEER CAN 320ML,0.32,8.3,1
TIGER,TIGER CRYSTAL CAN 320ML,0.32,8.7,1
CELSIUS,CELSIUS FUJI APPLE PEAR FLAV 325ML,0.325,4.75,1
CELSIUS,CELSIUS ORANGE SPARKLING FLAV DRINK 325ML,0.325,4.75,1
CELSIUS,CELSIUS RASPBERRY ACAI GREEN TEA FLAV 325ML,0.325,4.75,1
CELSIUS,CELSIUS PEACH MANGO GREEN TEA FLAV DRINK 325ML,0.325,4.75,1
F&N,F&N GINGER ADE CAN 325ML,0.325,1.7,1
F&N,F&N GRAPE CAN 325ML,0.325,1.7,1
F&N,F&N ICE CREAM SODA 325ML,0.325,1.7,1
F&N,F&N FRUITADE 325ML,0.325,1.7,1
F&N,F&N ORANGE CAN 325ML,0.325,1.7,1
F&N,F&N SARSI CAN 325ML,0.325,1.7,1
F&N,F&N STRAWBERRY CAN 325ML,0.325,1.7,1
F&N,F&N ZAPPEL CAN 325ML,0.325,1.7,1
KRONENBOURG,KRONENBOURG 1664 BLANC 325ML,0.325,14.6,1
RIBENA,RIBENA SPARKLING REG CAN 325ML,0.325,2.9,1
BREWDOG,BREWDOG LOST LAGER 330ML,0.33,22.5,1
BREWDOG,BREWDOG PUNK IPA 330ML,0.33,24.5,1
BREWDOG,BREWDOG ELVIS JUICE IPA 330ML,0.33,27.2,1
BREWDOG,BREWDOG HAZY JANE 330ML,0.33,27.0,1
EDELWEISS,EDELWEISS WHEAT BEER 330ML,0.33,12.2,1
EVIAN,EVIAN MINERAL WATER 330ML,0.33,5.4,1
HEART,HEART OF DARKNESS FIRST SUNSET KUMQUAT PA 330ML,0.33,24.5,1
HEART,HEART OF DARKNESS FUTILE PURPOSE CUCUMBER 330ML,0.33,26.5,1
HEART,HEART OF DARKNESS DREAM ALONE PALE ALE 330ML,0.33,27.2,1
HEART,HEART OF DARKNESS KURTZ INSANE IPA 330ML,0.33,30.3,1
HEART,HEART OF DARKNESS LOOSE RIVET NEIPA 330ML,0.33,33.8,1
KIZAKURA,KIZAKURA KYOTO BEER KUROMAME ALE 330ML,0.33,25.5,1
OLD JAMAICA,OLD JAMAICA GINGER BEER LIGHT 330ML,0.33,5.9,1
REMEDY,REMEDY ORGANIC KOMBUCHA GINGER LEMON 330ML,0.33,12.9,1
REMEDY,REMEDY ORGANIC KOMBUCHA MANGO PASSION 330ML,0.33,12.9,1
REMEDY,REMEDY ORGANIC KOMBUCHA PASSIONFRUIT 330ML,0.33,12.9,1
REMEDY,REMEDY ORGANIC KOMBUCHA PEACH 330ML,0.33,12.9,1
REMEDY,REMEDY ORGANIC KOMBUCHA RASPBERRY LEMONADE 330ML,0.33,12.9,1
RIBENA,RIBENA MOBILE BLACKCURANT 330ML,0.33,3.2,1
RIBENA,RIBENA MOBILE STRAWBERRY 330ML,0.33,3.2,1
SINGHA,SINGHA BEER BOTTLE 330ML,0.33,11.5,1
SINGHA,SINGHA BEER CAN 330ML,0.33,11.5,1
SOMERSBY,SOMERSBY APPLE CIDER 330ML,0.33,11.1,1
SUNQUICK,SUNQUICK TROPIKA 330ML,0.33,6.75,1
YIT,YIT FOH TENOM COFFEE LATTE 350G,0.35,13.35,1
FIRST,FIRST PRESS ICED MOCHA ALMOND MILK 350ML,0.35,10.9,1
CORONA,CORONA EXTRA BEER 355ML,0.355,20.45,1
MONSTER,MONSTER ENERGY ULTRA 355ML,0.355,5.5,1
MONSTER,MONSTER ENERGY ORIGINAL 355ML,0.355,5.5,1
MONSTER,MONSTER PIPELINE PUNCH MY 355ML,0.355,5.5,1
RED BULL,RED BULL ENERGY DRINK 355ML,0.355,8.6,1
TROPICANA TWISTER,TROPICANA TWISTER ORANGE 355ML,0.355,2.4,1
TROPICANA TWISTER,TROPICANA TWISTER APPLE 355ML,0.355,2.5,1
OATBEDIENT,OATBEDIENT CHOCOLATE OAT MILK 35G,0.035,26.3,1
OATBEDIENT,OATBEDIENT OAT MILK W OATS & CHIA SEED 35G,0.035,26.3,1
BUNDABERG,BUNDABERG DIET GINGER BEER 375ML,0.375,7.15,1
KIRKS,KIRKS LEMON SQUASH 375ML,0.375,6.9,1
SOLO,SOLO ORIGINAL LEMON 375ML,0.375,6.9,1
OYOSHI,OYOSHI HONEY LEMON GREEN TEA PET 380ML,0.38,2.0,1
OYOSHI,OYOSHI LYCHEE GREEN TEA 380ML,0.38,2.0,1
SEASONS,SEASONS ICE PEACH TEA PET 380ML,0.38,1.8,1
SEASONS,SEASONS APPLE POMEGRANATE 380ML,0.38,2.1,1
CADBURY,CADBURY 3IN1 HOT CHOCOLATE 390G,0.39,21.45,1
GOLD COIN,GOLD COIN EVAPORATED CREAMER 390G,0.39,3.95,1
F&N,F&N EVAP FILLED MILK 390GM,0.39,4.75,1
MARIGOLD,MARIGOLD EVAPORATED CREAMER 390GM,0.39,3.9,1
MARIGOLD,MARIGOLD EVAPORATED FILLED MILK 390GM,0.39,4.1,1
NESTLE,NESTLE MILO PLANT BASED 395G,0.395,36.9,1
DUTCH LADY,DUTCH LADY UHT LOW FAT 3X1L,1.0,21.7,3
DUTCH LADY,DUTCH LADY UHT PLUS PROTEIN FULL CREAM 3X1L,1.0,21.7,3
DUTCH LADY,DUTCH LADY UHT FULL CREAM 3X1L,1.0,21.7,3
MARIGOLD,MARIGOLD 100% JUICE APPLE 3X200ML,0.2,6.2,3
MARIGOLD,MARIGOLD 100% JUICE ORANGE 3X200ML,0.2,6.2,3
MARIGOLD,MARIGOLD 100% JUICE CARROT MIXED 3X200ML,0.2,6.2,3
MARIGOLD,MARIGOLD 100% JUICE PURPLE VEGGIE 3X200ML,0.2,6.2,3
OATSIDE,OATSIDE BARISTA 3X200ML,0.2,9.0,3
OATSIDE,OATSIDE CHOCOLATE 3X200ML,0.2,9.0,3
OATSIDE,OATSIDE COFFEE 3X200ML,0.2,12.0,3
LIPTON,LIPTON YELLOW LABEL PACKET 400G,0.4,12.85,1
MILO,MILO SOFTPACK 400G,0.4,10.25,1
T'SALLEE,T'SALLEE LAI CHEE KANG 400G,0.4,8.3,1
HORLICKS,HORLICKS ORIGINAL MALT REFILL 400GM,0.4,14.7,1
PEPSI,PEPSI BLACK 400ML,0.4,2.9,1
SPRITZER,SPRITZER SPARKLING MINERAL WATER 400ML,0.4,2.06,1
LIPTON,LIPTON POTBAG EXTRA KAW 40S,,6.95,40
LIPTON,LIPTON YELLOW LABEL POTBAGS 40S,,7.1,40
FLORIDAS,FLORIDAS QUICK CHILL APPLE JUICE 414ML,0.414,11.1,1
HORLICKS,HORLICKS ORIGINAL 440G,0.44,20.1,1
GUINNESS,GUINNESS DRAUGHT CAN 440ML,0.44,14.6,1
CADBURY,CADBURY DRINKING CHOCOLATE 450G,0.45,32.9,1
NESTLE,NESTLE COFFEEMATE POUCH 450G,0.45,10.2,1
RIBENA,RIBENA REGULAR 450ML,0.45,3.8,1
CHI FOREST,CHI FOREST SPARKLING GRAPE DELIGHT 480ML,0.48,5.65,1
CHI FOREST,CHI FOREST SPARKLING GREEN APPLE 480ML,0.48,5.65,1
CHI FOREST,CHI FOREST SPARKLING WHITE PEACH 480ML,0.48,5.65,1
ROBINSONS,ROBINSONS FRUIT SHOOT APPLE/BCURRANT LOW SUGAR 4PK,,13.9,4
STARBUCKS,STARBUCKS PREMIUM INSTANT CAPPUCCINO 4S,,15.1,4
STARBUCKS,STARBUCKS PREMIUM INSTANT MOCHA 4S,,15.1,4
STARBUCKS,STARBUCKS PREMIUM INSTANT CARAMEL LATTE 4S,,15.1,4
STARBUCKS,STARBUCKS PREMIUM INSTANT LATTE 4S,,15.1,4
TWININGS,TWININGS BUDDING MEADOW CAMOMILE 4X(15X2.5G),0.0025,55.0,60
DUTCH LADY,DUTCH LADY UHT MILKY MARVEL F/CREAM 4X125ML,0.125,5.75,4
DUTCH LADY,DUTCH LADY UHT MILKY MARVEL CHOC 4X125ML,0.125,5.75,4
DUTCH LADY,DUTCH LADY UHT MILKY FROZEN F/CREAM 4X125ML,0.125,5.75,4
DUTCH LADY,DUTCH LADY UHT MILKY FROZEN STRAW 4X125ML,0.125,5.75,4
DUTCH LADY,DUTCH LADY UHT MILKY FROZEN CHOC 4X125ML,0.125,5.75,4
DUTCH LADY,DUTCH LADY UHT MILKY MARVEL STRAW 4X125ML,0.125,5.75,4
MILO,MILO ACTIV-GO UHT 4X125ML,0.125,5.65,4
DUTCH LADY,DUTCH LADY UHT MILKY CHOCOLATE 4X180ML,0.18,7.15,4
DUTCH LADY,DUTCH LADY UHT MILKY COOKIE & CREAM 4X180ML,0.18,7.15,4
DUTCH LADY,DUTCH LADY JUICY MILK MANGO 4X200ML,0.2,6.95,4
FARM FRESH,YARRA BY FARM FRESH UHT FULL CREAM MILK 4X200ML,0.2,7.1,4
FARM FRESH,YARRA BY FARM FRESH UHT CHOCOLATE MILK 4X200ML,0.2,7.1,4
WONDA COFFEE,WONDA COFFEE MOCHA 4X240ML,0.24,10.4,4
RED BULL,RED BULL EUROPE 4X250ML,0.25,25.9,4
THE TAPPING TAPIR,THE TAPPING TAPIR GUTC PEACH 4X250ML,0.25,11.9,4
THE TAPPING TAPIR,THE TAPPING TAPIR GUTC GRAPE 4X250ML,0.25,11.9,4
THE TAPPING TAPIR,THE TAPPING TAPIR LIGHT CITRUS 4X250ML,0.25,16.9,4
THE TAPPING TAPIR,THE TAPPING TAPIR LIGHT SIGNATURE 4X250ML,0.25,16.9,4
CARLSBERG,CARLSBERG SPECIAL BREW CAN 4X320ML,0.32,35.9,4
CHANG,CHANG CLASSIC BEER 4X320ML,0.32,58.4,4
COCA-COLA,COCA COLA ZERO SUGAR 4X320ML,0.32,8.1,4
COCA-COLA,COCA-COLA RASA ASLI 4X320ML,0.32,8.1,4
CONNOR'S,CONNOR'S 4X320ML,0.32,35.5,4
GUINNESS,GUINNESS STOUT CAN 4X320ML,0.32,32.5,4
HEINEKEN,HEINEKEN BEER CAN 4X320ML,0.32,36.0,4
KRONENBOURG,KRONENBOURG 1664 BLANC CAN 4*320ML,0.32,37.0,4
KRONENBOURG,KRONENBOURG 1664 ROSE CAN 4X320ML,0.32,37.0,4
KRONENBOURG,KRONENBOURG 1664 BRUT CAN 4X320ML,0.32,37.0,4
PEPSI,PEPSI BLACK 4X320ML,0.32,7.75,4
PEPSI,PEPSI CAN 4X320ML,0.32,7.75,4
ROYAL STOUT,ROYAL STOUT CAN 4X320ML,0.32,31.0,4
SCHWEPPES,SCHWEPPES DRY GINGER ALE 4X320ML,0.32,9.65,4
SCHWEPPES,SCHWEPPES SODA WATER 4*320ML,0.32,9.65,4
SCHWEPPES,SCHWEPPES TONIC WATER CAN 4*320ML,0.32,9.65,4
SCHWEPPES,SCHWEPPES LEMON LIME 4X320ML,0.32,9.65,4
SKOL,SKOL BEER CAN 4X320ML,0.32,27.4,4
SOMERSBY,SOMERSBY APPLE 0.0 4X320ML,0.32,16.9,4
SOMERSBY,SOMERSBY PASSIONFRUIT & ORANGE 4X320ML,0.32,28.9,4
SOMERSBY,SOMERSBY APPLE CAN 4X320ML,0.32,28.65,4
SOMERSBY,SOMERSBY BLACK BERRY CAN 4X320ML,0.32,28.9,4
SPRITE,SPRITE CAN 4X320ML,0.32,8.1,4
TIGER,TIGER CRYSTAL CAN 4X320ML,0.32,30.8,4
KRONENBOURG,KRONENBOURG 1664 BLANC PTS 4X325ML,0.325,52.5,4
EDELWEISS,EDELWEISS WHEAT BEER 4X330ML,0.33,40.9,4
SAN PELLEGRINO,SAN PELLEGRINO LIMONATA 4X330ML,0.33,30.3,4
SAN PELLEGRINO,SAN PELLEGRINO ARANCIATA 4X330ML,0.33,30.3,4
SAN PELLEGRINO,SAN PELLEGRINO ARANCIATA ROSSA 4X330ML,0.33,30.3,4
SINGHA,SINGHA BEER BOTTLE 4X330ML,0.33,44.9,4
SOMERSBY,SOMERSBY APPLE CIDER 4X330ML,0.33,38.2,4
BUNDABERG,BUNDABERG TROPICAL MANGO 4X375ML,0.375,28.5,4
BUNDABERG,BUNDABERG DIET GINGER BEER 4X375ML,0.375,28.5,4
BUNDABERG,BUNDABERG PASSION FRUIT 4X375ML,0.375,28.5,4
BUNDABERG,BUNDABERG GINGER BEER FAT BOTTLE 4X375ML,0.375,28.5,4
BUNDABERG,BUNDABERG PINK GRAPEFRUIT 4X375ML,0.375,28.5,4
BUNDABERG,BUNDABERG ROOT BEER FAT BOTTLE 4X375ML,0.375,28.5,4
GUINNESS,GUINNESS DRAUGHT CAN 4X440ML,0.44,58.2,4
CARLSBERG,CARLSBERG BEER CAN (GL) 4X500ML,0.5,47.1,4
CARLSBERG,CARLSBERG SMOOTH DRAUGHT BEER CAN 4X500ML,0.5,47.1,4
KRONENBOURG,KRONENBOURG 1664 BLANC PTS 4X6X325ML,0.325,308.0,24
CACTUS,CACTUS MINERAL WATER 5.5L,5.5,7.55,1
MILO,MILO RTD UHT 5+1X200ML,0.2,10.45,6
HARADA,HARADA GREEN TEA-YABUKITA B.TOKUYO RYOKU 50'SX2G,0.002,22.9,50
HARADA,HARADA BROWN RICE GREEN TEA 50'SX2G,0.002,24.9,50
HARADA,HARADA JASMINE GREEN TEA 50'SX2G,0.002,26.9,50
F&N,F&N HI-CAL KRIMER PEKAT MANIS 500G,0.5,4.4,1
F&N,F&N VITAMIN CREAMER 500G,0.5,4.5,1
F&N,F&N SCFM PEKAT MANIS 500G,0.5,5.55,1
INTERNATIONAL,INTERNATIONAL ROAST COFFEE 500G,0.5,74.9,1
MARIGOLD,MARIGOLD KOPI&TEH TARIK 500G,0.5,3.75,1
MATCHA,MATCHA PRO+ 18 GRAINS 500G,0.5,44.1,1
MATCHARO,MATCHARO HONEY CHOCO MULTIGRAIN 500G,0.5,44.1,1
TEAPOT,TEAPOT SWEETENED CREAMER 500G,0.5,4.25,1
F&N,F&N TEH TARIK 500GM,0.5,4.35,1
MARIGOLD,MARIGOLD SWEETENED CREAMER 500GM,0.5,4.1,1
CACTUS,CACTUS MINERAL WATER 500ML,0.5,0.9,1
CARLSBERG,CARLSBERG BEER CAN (GL) 500ML,0.5,12.5,1
CARLSBERG,CARLSBERG SMOOTH DRAUGHT BEER CAN 500ML,0.5,12.5,1
COCA-COLA,COCA COLA RASA ASLI 500ML,0.5,2.4,1
COCA-COLA,COCA COLA VANILLA 500ML,0.5,2.6,1
COCA-COLA,COCA-COLA ZERO SUGAR 500ML,0.5,2.4,1
CONNOR'S,CONNOR'S CAN 500ML,0.5,15.2,1
EVIAN,EVIAN MINERAL WATER 500ML,0.5,5.85,1
F&N,F&N ORANGE 500ML,0.5,2.2,1
F&N,F&N STRAWBERRY 500ML,0.5,2.2,1
F&N,F&N FRUITADE 500ML,0.5,2.2,1
F&N,F&N SARSI 500ML,0.5,2.2,1
F&N,F&N GRAPE 500ML,0.5,2.2,1
F&N,F&N ZAPPEL 500ML,0.5,2.2,1
FANTA,FANTA STRAWBERRY 500ML,0.5,1.9,1
FANTA,FANTA ORANGE 500ML,0.5,1.9,1
FEVER TREE,FEVER TREE NATURALLY LIGHT TONIC WATER 500ML,0.5,15.9,1
FEVER TREE,FEVER TREE REF LT MEDITERRANEAN TONIC WATER 500ML,0.5,15.9,1
FEVER TREE,FEVER TREE INDIAN TONIC WATER 500ML,0.5,15.9,1
FEVER TREE,FEVER TREE LIGHT RHUBARD & RASPBERRY 500ML,0.5,15.9,1
FEVER TREE,FEVER TREE REF LIGHT AROMATIC TONIC WATER 500ML,0.5,15.9,1
FUZE TEA,FUZE TEA JASMINE GREEN TEA 500ML,0.5,2.75,1
FUZE TEA,FUZE TEA ICE LEMON TEA 500ML,0.5,2.75,1
GATORADE,GATORADE FIERCE BLUE BOLT 500ML,0.5,3.1,1
GUINNESS,GUINNESS STOUT CAN 500ML,0.5,12.9,1
ITO-EN,ITO-EN OI OCHA GREEN TEA 500ML,0.5,4.0,1
KICKAPOO,KICKAPOO 500ML,0.5,2.9,1
MILO,MILO ACTIV-GO ORIGINAL 500ML,0.5,5.2,1
MOMA,MOMA WATER PREMIUM 500ML,0.5,1.2,1
MONSTER,MONSTER MONARCH 500ML,0.5,10.9,1
MONSTER,MONSTER ENERGY LEWIS HAMILTON 500ML,0.5,11.9,1
MONSTER,MONSTER MANGO LOCO 500ML,0.5,11.9,1
MONSTER,MONSTER PUNCH 500ML,0.5,11.9,1
MONSTER,MONSTER ABSOLUTE ZERO 500ML,0.5,11.9,1
MONSTER,MONSTER PACIFIC PUNCH 500ML,0.5,11.9,1
MONSTER,MONSTER ULTRA GOLD 500ML,0.5,11.9,1
MONSTER,MONSTER ULTRA BLACK 500ML,0.5,11.9,1
MONSTER,MONSTER ULTRA WATERMELON 500ML,0.5,12.9,1
NESCAFE,NESCAFE ICED CAPPUCCINO 500ML,0.5,5.2,1
NESCAFE,NESCAFE ICED CAFFE LATTE 500ML,0.5,5.2,1
NESCAFE,NESCAFE ICED CHOCOCINO 500ML,0.5,5.2,1
PEPSI,PEPSI 500ML,0.5,2.7,1
POCARI,POCARI SWEAT BOTTLE 500ML,0.5,3.2,1
POKKA,POKKA LEMON TEA 500ML,0.5,2.9,1
POKKA,POKKA JASMINE GREEN TEA NO SUGAR 500ML,0.5,2.9,1
POKKA,POKKA OOLONG TEA 500ML,0.5,2.9,1
SPRITE,SPRITE 500ML,0.5,2.4,1
TIGER,TIGER BEER TALL CAN 500ML,0.5,15.0,1
UFC,UFC COCONUT WATER 500ML,0.5,4.9,1
VOLVIC,VOLVIC MINERAL WATER 500ML,0.5,4.9,1
WEIHENSTEPHANER,WEIHENSTEPHANER HEFEWEISSBIER 500ML,0.5,29.9,1
WEIHENSTEPHANER,WEIHENSTEPHANER HEFEWEISSBIER DUNKEL 500ML,0.5,29.9,1
WEIHENSTEPHANER,WEIHENSTEPHANER KRISTALL WEISSBIER 500ML,0.5,29.9,1
WEIHENSTEPHANER,WEIHENSTEPHANER KELLERBIER 1516 500ML,0.5,30.9,1
WEIHENSTEPHANER,WEIHENSTEPHANER KORBINIAN 500ML,0.5,39.9,1
MOCCONA,MOCCONA CLASSIC MED ROAST FD 50G,0.05,14.5,1
NESCAFE,NESCAFE GOLD JAR 50G,0.05,13.6,1
PODISTA,PODISTA COFFEE INTENSO 50G,0.05,19.9,1
PODISTA,PODISTA COFFEE SUPREMO 50G,0.05,19.9,1
OSK,OSK JASMINE GREEN TEA 50SX1.5G,0.0015,23.9,50
LIPTON,LIPTON YELLOW LABEL TEABAG 50SX2G,0.002,12.05,50
OSK,OSK JAPANESE OSMANTHUS GREEN TEA 50X1.3G,0.0013,23.9,50
OSK,OSK JAPANESE ROASTED RICE GREEN TEA 50X2G,0.002,23.9,50
OSK,OSK JAPANESE GREEN TEA 50X2G,0.002,23.9,50
NESTLE,NESTLE COFMATE NDC 50X5G,0.005,10.4,50
GATORADE,GATORADE QUIET STORM 515ML,0.515,3.1,1
VITTORIA,VITTORIA DECAFFEINATED COFFEE CAPSULES 52G,0.052,22.9,1
VITTORIA,VITTORIA ESPRESSO COFFEE CAPSULES 52G,0.052,22.9,1
VITTORIA,VITTORIA LATTE COFFEE CAPSULES 52G,0.052,22.9,1
SPRITZER,SPRITZER DRINKING WATER 550ML,0.55,1.21,1
SPRITZER,SPRITZER MINERAL WATER 550ML,0.55,1.4,1
PODISTA,PODISTA DOUBLE SHOT 55G,0.055,19.9,1
VITAGEN,VITAGEN GRAPE 5X125ML,0.125,4.95,5
VITAGEN,VITAGEN APPLE 5X125ML,0.125,4.95,5
VITAGEN,VITAGEN LB 5X125ML,0.125,4.95,5
VITAGEN,VITAGEN ORANGE 5X125ML,0.125,4.95,5
VITAGEN,VITAGEN ASSORTED 5X125ML,0.125,5.1,5
VITAGEN,VITAGEN ASST LESS SUGAR 5X125ML,0.125,5.4,5
VITAGEN,VITAGEN LESS SUGAR GRAPE 5X125ML,0.125,5.4,5
VITAGEN,VITAGEN LESS SUGAR LB 5X125ML,0.125,5.4,5
VITAGEN,VITAGEN LESS SUGAR PINEAPPLE 5X125ML,0.125,5.4,5
HFT,HFT AMERICAN GINSENG WITH HONEY 6'SX250ML,0.25,21.2,6
HFT,HFT IMPERATAE CANE DRINK 6'SX250ML,0.25,21.2,6
NESTLE,NESTLE OMEGA PLUS ACTICOL 600G,0.6,33.6,1
DASANI,DASANI DRINKING WATER 600ML,0.6,0.85,1
DASANI,DASANI MINERAL WATER 600ML,0.6,0.95,1
WOOLWORTHS,WOOLWORTHS CAMOMILE TEA BAGS 40PK 60G,0.06,11.9,40
SPRITZER,SPRITZER DRINKING WATER 6L,6.0,8.2,1
SPRITZER,SPRITZER MINERAL WATER 6L,6.0,8.2,1
BREW & BREAD,BREW & BREAD CLEANSER LIGHT DRIP COFFEE 6SX12G,0.012,29.9,6
BREW & BREAD,BREW & BREAD SUGAR DADDY FUNDRIP COFFEE 6SX12G,0.012,29.9,6
CHEKHUP,CHEKHUP MICROGROUND COLOMBIAN CAPPUCCINO 6SX23G,0.023,20.6,6
CHEKHUP,CHEKHUP MICROGROUND COLOMBIAN LATTE 6SX23G,0.023,20.6,6
SPRITZER,SPRITZER MINERAL WATER (6IN1) 6X1.25L,1.25,14.52,6
EVIAN,EVIAN NATURAL MINERAL WATER MP 6X1.5L,1.5,59.65,6
YOU.C1000,YOU.C1000 LEMON DRINK 6*140ML,0.14,18.2,6
YOU.C1000,YOU.C1000 ORANGE DRINK 6X140ML,0.14,18.2,6
COCA-COLA,COKE CLASSIC 6X180ML,0.18,12.9,6
DUTCH LADY,DUTCH LADY UHT CHOC 6X200ML,0.2,11.2,6
DUTCH LADY,DUTCH LADY UHT LOW FAT 6X200ML,0.2,11.2,6
DUTCH LADY,DUTCH LADY UHT STRAWBERRY 6X200ML,0.2,11.2,6
DUTCH LADY,DUTCH LADY UHT FULL CREAM 6X200ML,0.2,11.2,6
DUTCH LADY,DUTCH LADY UHT KURMA 6X200ML,0.2,11.2,6
NESTLE,NESTLE OMEGA PLUS ACTICOL 6X200ML,0.2,13.8,6
NESTLE,NESTLE OMEGA PLUS DARK CHOC FLAV 6X200ML,0.2,13.8,6
RIBENA,RIBENA RTD BLACKCURRANT 6X200ML,0.2,11.3,6
SOYFRESH,SOYFRESH HERSHEY'S MOCHA 6X236ML,0.236,10.05,6
HO,HO YAN HOR HERBAL TEA ORIGINAL 6X240ML,0.24,20.25,6
MILO,MILO CAN 6X240ML,0.24,17.75,6
NESCAFE,NESCAFE MOCHA CAN 6X240ML,0.24,17.75,6
NESCAFE,NESCAFE ORIGINAL CAN 6X240ML,0.24,17.75,6
DRINHO,DRINHO MANGO 6X250ML,0.25,6.35,6
DRINHO,DRINHO CHRYSANTHEMUM TEA 6X250ML,0.25,6.35,6
DRINHO,DRINHO ICE LEMON TEA 6X250ML,0.25,6.35,6
DRINHO,DRINHO ICE PEACH TEA 6X250ML,0.25,6.35,6
DRINHO,DRINHO SUGARCANE 6X250ML,0.25,6.35,6
DRINHO,DRINHO ORANGE 6X250ML,0.25,6.35,6
DRINHO,DRINHO SOYA BEAN 6X250ML,0.25,6.35,6
DRINHO,DRINHO LYCHEE 6X250ML,0.25,6.35,6
DRINHO,DRINHO GREEN TEA 6X250ML,0.25,6.35,6
DRINHO,DRINHO WINTER MELON 6X250ML,0.25,6.35,6
DRINHO,DRINHO SOYA CORN 6X250ML,0.25,8.35,6
HFT,HFT PEAR & SEA COCONUT DRINK 6X250ML,0.25,21.2,6
HFT,HFT LEMON JUICE WITH HONEY DRINK 6*250ML,0.25,21.2,6
HOMESOY,HOMESOY NO SUGAR ADDED 6X250ML,0.25,7.8,6
HOMESOY,HOMESOY HONEY MELON 6X250ML,0.25,7.8,6
HONEY B,HONEY B SPARKLING HONEY BLACK TEA 6X250ML,0.25,20.4,6
HONEY B,HONEY B SPARKLING HONEY PINEAPPLE 6X250ML,0.25,20.4,6
RED BULL,RED BULL LESS SUGAR 6X250ML,0.25,17.7,6
SEASONS,SEASONS CHRYSANTHEMUM 6X250ML,0.25,7.1,6
SEASONS,SEASONS ICE LEMON TEA 6X250ML,0.25,7.1,6
SEASONS,SEASONS WINTERMELON 6*250ML,0.25,7.1,6
YEOS,YEOS CHRYSANTHEMUM TEA 6X250ML,0.25,6.8,6
YEOS,YEOS SOYA BEAN 6X250ML,0.25,6.8,6
YEOS,YEOS LYCHEE 6X250ML,0.25,6.8,6
YEOS,YEOS WINTER MELON 6X250ML,0.25,6.8,6
YEOS,YEOS SUGAR CANE 6X250ML,0.25,6.8,6
YEOS,YEOS ICE LEMON TEA 6X250ML,0.25,6.8,6
YEOS,YEOS GREEN TEA 6X250ML,0.25,6.8,6
YEOS,YEOS FIRST HARVEST GREEN TEA 6X250ML,0.25,7.4,6
JIA DUO BAO,JIA DUO BAO GOLD CAN HERBAL DRINK 6X310ML,0.31,17.95,6
CARLSBERG,CARLSBERG BEER CAN (GL) 6X320ML,0.32,44.0,6
CARLSBERG,CARLSBERG SMOOTH DRAUGHT CANS 6*320ML,0.32,47.7,6
MALTA,MALTA CAN 6X320ML,0.32,20.95,6
TIGER,TIGER BEER CAN 6X320ML,0.32,44.8,6
SINGHA,SINGHA BEER CAN 6X330ML,0.33,66.9,6
STELLA,STELLA ARTOIS BEER BOTTLE 6*330ML+GLASS,0.33,102.5,6
EVIAN,EVIAN MINERAL WATER 6X500ML,0.5,31.3,6
MARIGOLD,MARIGOLD YOGURT DRINK SBERRY FF 700G,0.7,6.3,1
MARIGOLD,MARIGOLD YOGURT DRINK M/BERRIES FF 700G,0.7,6.3,1
MARIGOLD,MARIGOLD FAT FREE YOGURT DRINK FRUIT & VEG 700G,0.7,6.3,1
MG,MG FAT FREE YOG DRK MANGO 700G,0.7,6.3,1
CHOYA,CHOYA GREEN EXTRA YEAR 700ML,0.7,148.0,1
CHOYA,CHOYA GOLD ROYAL HONEY 700ML,0.7,191.0,1
SUNQUICK,SUNQUICK MIX BERRIES 700ML,0.7,15.25,1
CHOYA,CHOYA UJICHA GREEN TEA 720ML,0.72,137.0,1
DOM,DOM BENEDICTINE 750ML,0.75,192.0,1
EVIAN,EVIAN MINERAL WATER 750ML,0.75,9.85,1
GRANTE,GRANTE 100 APPLE JUICE 750ML,0.75,11.9,1
GRANTE,GRANTE BLACK GRAPE JUICE 750ML,0.75,19.75,1
HOMESOY,HOMESOY SOYA 750ML,0.75,4.9,1
HOMESOY,HOMESOY BROWN SUGAR 750ML,0.75,4.9,1
PREMIER,PREMIER SALUTE SPARKLING RBERRY&PEACH 750ML,0.75,10.5,1
PREMIER,PREMIER SALUTE SPARKLING WHITE 750ML,0.75,10.5,1
TIMAH,TIMAH DOUBLE PEATED BLENDED WHISKY 750ML,0.75,262.0,1
SAN PELLEGRINO,SAN PELLEGRINO SPARKLING WATER 75CL,0.75,11.1,1
WOOLWORTHS,WOOLWORTHS GREEN TEA BAGS 50PK 75G,0.075,11.9,50
SUNQUICK,SUNQUICK LEMON ICE TEA 800ML,0.8,15.25,1
SUNQUICK,SUNQUICK MANDARIN 800ML,0.8,15.25,1
SUNQUICK,SUNQUICK ORANGE 800ML,0.8,15.25,1
SUNQUICK,SUNQUICK MANGO 800ML,0.8,15.25,1
MONTEA,MONTEA DAILY LYCHEE BLACK TEA (TIN) 80G,0.08,38.0,1
SURUGAEN,SURUGAEN OTOKU NO MACCHA 80G,0.08,29.9,1
LIPTON,LIPTON YELLOW POTBAGS 80S,,11.25,80
LIPTON,LIPTON POTBAG EXTRA STRONG 80S,,12.05,80
OVALTINE,OVALTINE REFILL 820GM,0.82,15.95,1
SPRITZER,SPRITZER DRINKING WATER 9.5L,9.5,10.2,1
SPRITZER,SPRITZER MINERAL WATER 9.5L,9.5,10.9,1
DAESANG,DAESANG HONG CHO APPLE VINEGAR DRINK 900ML,0.9,31.1,1
HONG CHO,HONG CHO BLACKBERRY VINAIGRETTE DRINK 900ML,0.9,31.1,1
HONG CHO,HONG CHO BLUEBERRY VINAIGRETTE DRINK 900ML,0.9,31.1,1
HONG CHO,HONG CHO STRAWBERRY & GRAPEFRUITS 900ML,0.9,31.1,1
STARBUCKS,STARBUCKS DARK ROAST INS. COFFEE POWDER 90G,0.09,38.65,1
UCC,UCC I/C THE BLEND 117 90G,0.09,26.5,1
UCC,UCC I/C THE BLEND 114 90G,0.09,26.5,1
HOMESOY,HOMESOY NO SUGAR ADDED 3.0 946ML,0.946,5.1,1
PACIFIC,PACIFIC ALMOND BARISTA 946ML,0.946,18.5,1
PACIFIC,PACIFIC ORG ALMOND ORI UNSWEETENED 946ML,0.946,18.9,1
PACIFIC,PACIFIC ORGANIC OAT BEVERAGE 946ML,0.946,18.9,1
SOYFRESH,SOYFRESH HERSHEY'S COOKIES&CREME 946ML,0.946,7.25,1
SOYFRESH,SOYFRESH HERSHEY'S MOCHA 946ML,0.946,7.25,1
SOYFRESH,SOYFRESH HERSHEY'S CHOCOLATE 946ML,0.946,7.25,1
ILLY,ILLY INSTANT COFFEE SMOOTH RED STRIPE 95G,0.095,51.3,1
ILLY,ILLY INSTANT COFFEE INTENSE BURGUNDY STRIPE 95G,0.095,51.3,1
MOCCONA,MOCCONA ROASTED HAZELNUT FD COFFEE 95G,0.095,27.7,1
NESCAFE,NESCAFE GOLD ESPRESSO 95G,0.095,42.9,1
PRIMA,PRIMA PERLA CHARDONNAY BLANC DE BLANC,,184.0,1
FAUSTINO,FAUSTINO VII BLANCO,,98.0,1
VILLA,VILLA MARIA PRIVATE BIN SAUVIGNON BLANC BLUSH,,144.0,1
NESCAFE,NESCAFE CLASSIC 50G BTL,,8.5,1
FUZION ALTA,FUZION ALTA TORRONTES PINOT GRIGIO,,98.0,1
FUZION ALTA,FUZION ALTA RESERVE CABERNET SAUVIGNON,,98.0,1
SBUX,SBUX NESPRESSO ESPRESSO ROAST 10S,,29.0,10
SIN BOON KEE,SIN BOON KEE ROYAL BLACK ORI 10S,,34.8,10
SIN BOON KEE,SIN BOON KEE ROYAL BLACK SUGAR FREE 10S,,34.8,10
LIPTON,LIPTON 3IN1 MILK TEA TEH TARIK 12S,,19.15,12
LIPTON,LIPTON MILK TEA LATTE EARL GREY 12S,,19.15,12
LIPTON,LIPTON MATCHA GREEN TEA LATTE 12S,,19.15,12
LIPTON,LIPTON 3IN1 MILK TEA CLASSIC 12S,,19.15,12
STARBUCKS,STARBUCKS DOLCE GUSTO AMERICANO 12S,,33.1,12
STARBUCKS,STARBUCKS DOLCE GUSTO CARAMEL MACCHIATO 12S,,33.1,12
STARBUCKS,STARBUCKS DOLCE GUSTO ESPRESSO ROAST 12S,,33.1,12
STARBUCKS,STARBUCKS DOLCE GUSTO CAPPUCCINO 12S,,33.1,12
AHMAD TEA,AHMAD TEA LONDON BLEND 25TB,,5.7,25
AHMAD TEA,AHMAD TEA ENG BREAKFAST 25TB,,6.35,25
AHMAD TEA,AHMAD TEA CEYLON 20TB,,11.6,20
AHMAD TEA,AHMAD TEA CAMOMILE&LEMONGRASS 20'S,,11.85,20
AHMAD TEA,AHMAD TEA LEMON&GINGER 20'S,,11.85,20
AHMAD TEA,AHMAD TEA PEPPERMINT&LEMON 20'S,,11.85,20
AHMAD TEA,AHMAD TEA ROOIBOS&CINNAMON 20'S,,11.85,20
AHMAD TEA,AHMAD TEA DETOX 20'S,,11.85,20
AHMAD TEA,AHMAD TEA RASPBERRY INDULGENCE 20S,,12.95,20
AHMAD TEA,AHMAD TEA COLD BREW PEACH AND PASSION TEA 20TB,,13.25,20
AHMAD TEA,AHMAD TEA COLD BREW MANGO & LYCHEE 20S,,13.25,20
AHMAD TEA,AHMAD TEA FRUIT TEA SELECTION 20TB,,14.3,20
AHMAD TEA,AHMAD TEA LONDON BLEND 100TB,,15.7,100
AHMAD TEA,AHMAD TEA GREEN TEA 100S,,20.7,100
AHMAD TEA,AHMAD TEA ENG.BREAKFAST 100S,,20.75,100
AHMAD TEA,AHMAD TEA EARL GREY 100S,,21.55,100
AHMAD TEA,AHMAD TEA JASMINE GREEN TEA 100S,,21.65,100
ANGOVE,ANGOVE HOPES END RED BLEND,,79.0,1
ARIZONA,ARIZONA TEA WATERMELON 22FL OZ,0.651,6.9,1
ARIZONA,ARIZONA MUCHO MANGO 22FL OZ,0.651,6.9,1
ARIZONA,ARIZONA FRUIT PUNCH 22FL OZ,0.651,6.9,1
ARIZONA,ARIZONA GREEN TEA GINSENG HONEY 22FL OZ,0.651,6.9,1
ARIZONA,ARIZONA PEACH TEA 22FL OZ,0.651,6.9,1
ARIZONA,ARIZONA DIET GREEN TEA 22FL OZ,0.651,6.9,1
ARIZONA,ARIZONA LEMONADE 22FL OZ,0.651,6.9,1
ARIZONA,ARIZONA TEA GRAPEADE 22FL OZ,0.651,6.9,1
ARIZONA,ARIZONA TEA KIWI STRAWBERRY 22FL OZ,0.651,6.9,1
ARIZONA,ARIZONA ORANGEADE 22FL OZ,0.651,6.9,1
ARIZONA,ARIZONA LEMON TEA BIG CAN 22FL OZ,0.651,6.9,1
BOH,BOH DOUBLE CHAMBER 25'S,,4.8,25
BOH,BOH D/CHAMBER 50'S,,8.8,50
BOH,BOH TEA POTBAGS 80'S,,9.6,80
BOH,BOH SERI SONGKET LEMON WITH MANDARIN 20'S,,10.7,20
BOH,BOH DOUBLE CHAMBER GREEN TEA 50S,,11.45,50
BOH,BOH DOUBLE CHAMBER TEABAG 100'S,,14.5,100
CHARLOTTE,CHARLOTTE STREET CABERNET SAUVIGNON,,66.0,1
FAUSTINO,FAUSTINO VII TINTO,,115.0,1
GENESIS,GENESIS CABERNET SAUVIGNON,,54.0,1
GENESIS,GENESIS MERLOT,,54.0,1
GENESIS,GENESIS SAUVIGNON BLANC,,54.0,1
GRANT BURGE,GRANT BURGE CAMERON VALE CABERNET,,128.0,1
GRANT BURGE,GRANT BURGE BAROSSA HILLCOT MERLOT,,128.0,1
GRANT BURGE,GRANT BURGE MIAMBA SHIRAZ,,128.0,1
GRANT BURGE,GRANT BURGE FILSELL SHIRAZ,,195.0,1
GRANT BURGE,GRANT BURGE CORRYTON PARK CABERNET SAUVIGNON,,195.0,1
GRANT BURGE,GRANT BURGE BALTHASAR SHIRAZ,,195.0,1
GRANT BURGE,GRANT BURGE THE HOLY TRINITY GSM,,195.0,1
LFE,LFE CLASSIC CELLAR CABERNET SAUVIGNON,,76.0,1
LFE,LFE CLASSIC CELLAR SAUVIGNON BLANC,,76.0,1
MARTINI,MARTINI ROSSO,,119.0,1
OLD TOWN WHITE COFFEE,OLD TOWN MILK TEA 3IN1 HK STYLE,,20.15,1
OLD TOWN WHITE COFFEE,OLD TOWN MILK TEA 3IN1 TEH TARIK,,20.15,1
PETER LEHMANN,PETER LEHMANN HILL & VALLEY CABERNET SAUVIGNON,,117.0,1
PINNACLE,PINNACLE ORIGINAL VODKA,,237.0,1
RAIZ,RAIZ CABERNET SAUVIGNON,,54.0,1
RAIZ,RAIZ MERLOT,,54.0,1
ROKU,ROKU SUNTORY GIN,,290.0,1
SIGNUS,SIGNUS SAUVIGNON BLANC,,54.0,1
